{"dess_mean_real": [[57486.453125, 4644.6826171875], [36072.55859375, 5301.333984375], [21468.138671875, 6888.00634765625], [53498.078125, 6985.0654296875], [32914.71484375, 8110.29736328125], [19277.001953125, 10552.640625]], "dess_mean_imag": [[7010.20556640625, 57.76875686645508], [2965.913330078125, 52.89814758300781], [2010.77099609375, 8.50306224822998], [6144.3828125, -237.6473388671875], [1644.0494384765625, -407.3990173339844], [1091.9295654296875, -499.5046691894531]], "dess_std": [[41884.078125, 14007.55859375], [48816.37890625, 12677.376953125], [46088.37109375, 10615.2255859375], [43594.421875, 20268.67578125], [47694.62890625, 17835.60546875], [43269.7734375, 14222.7060546875]], "t1_mean": 818.3524780273438, "t1_std": 465.67218017578125, "t2_mean": 104.25798034667969, "t2_std": 34.727210998535156}